Temps;Co-Produit;LPlume;LSang;LV_Cuiseur_1;LV_Cuiseur_2;LV_Cuiseur_3

01/12/2021;153;26.7;23;43.8;44;15.3
02/12/2021;122.5;19.4;20;40.7;37.2;5.4
03/12/2021;173.8;24.2;21.7;41.9;35.1;50.9
04/12/2021;164.4;33.8;21.4;29.1;32;47.9
05/12/2021;7.9;0.5;4.4;null;1.1;2
06/12/2021;125.5;24;14.3;37.7;30.8;18.8
07/12/2021;184.6;24.5;23.6;44.7;40;51.8
08/12/2021;160.9;28.2;22.4;35.1;29;46.2
09/12/2021;126.3;16;21;27.9;28.4;32.1
10/12/2021;148.4;31.6;18;31.1;28.5;38.1
11/12/2021;141;17.5;17;31.9;29.7;43.6
12/12/2021;14;6.3;2;1.2;null;3.3
13/12/2021;126.7;20.1;19;27.9;24.5;34.3
14/12/2021;166.8;24.5;22;40.4;34.9;44
16/12/2021;142.1;26.9;21;33;19.7;40.8
17/12/2021;109.2;14.7;19;29.6;25;19.7
18/12/2021;132.4;18.8;18;31.2;21.8;41.5
19/12/2021;25.8;10.6;5;4;0.4;4.9
20/12/2021;145.2;22.2;17;37.5;18.9;48.7
21/12/2021;162.4;24.8;20;35.2;38.2;42.9
22/12/2021;158.2;29.3;19;45.7;37.8;26.1
04/01/2022;162.9;25.7;23.2;40.3;32.6;40.9
05/01/2022;169.8;33.6;22.5;40.8;34;39
06/01/2022;141.9;16.7;21.3;34.8;26.6;42.5
07/01/2022;150.5;30.1;21.6;40.9;33.7;24.3
08/01/2022;129.8;11.7;21.3;27;31.6;38.2
09/01/2022;40.4;14.5;6.8;4.7;8.2;6.2
10/01/2022;154.1;21.8;19.5;32.9;31.9;48.2
11/01/2022;157.1;23;22.7;32.3;36.7;42.5
12/01/2022;150.9;26.8;21.7;36.9;29.8;35.7
13/01/2022;136.9;17;22.4;37.2;31.4;29
14/01/2022;147.3;25.4;22.7;42.6;28.3;28.3
15/01/2022;132.3;21.4;19.4;31.8;35.5;24.2
16/01/2022;5.8;1.8;4.2;null;null;null
17/01/2022;145.4;20.4;19.5;43.1;35.5;26.9
18/01/2022;162.7;25.9;22.1;37.8;37.4;39.6
19/01/2022;135.2;21.9;21.1;33.5;28.1;30.6
20/01/2022;88;14;16.6;30;16.2;11.2
21/01/2022;194.1;27.9;27.1;44.2;51.4;43.3
22/01/2022;106.2;20.4;18.4;25.5;20.3;21.8
23/01/2022;17;0.9;1.2;5.4;4.3;5.1
24/01/2022;153.2;25.1;20.2;37.6;37.8;32.6
25/01/2022;128.9;19.2;24.6;30;27;28.1
26/01/2022;156.8;21.5;19.3;39.6;39.2;37.2
27/01/2022;137.2;23.3;22.3;34.5;25.1;32.1
28/01/2022;155.2;21.4;24.6;37.1;34.9;37.2
29/01/2022;120.2;14.1;17.1;26.1;28.9;33.8
30/01/2022;15.2;6.4;3.5;1;1.8;2.4
31/01/2022;149.5;23;20;39.4;35.9;31.4
01/02/2022;162.2;23.4;23.2;45.4;35.8;34.3
02/02/2022;162.9;24;24.5;42.4;32.8;39.4
03/02/2022;138.9;18.4;23.1;38.2;31.8;27.2
04/02/2022;143;23.8;23.1;41.8;33.4;21
05/02/2022;143.3;25.6;21.8;47.7;28.1;20.1
06/02/2022;27.1;4.9;4.4;4.9;6.5;6.5
07/02/2022;143.3;26.4;19.7;48.1;23.9;25
08/02/2022;174.8;27.1;23.6;41.1;36.1;47.1
09/02/2022;144.6;22.4;19.9;37.2;33.5;31.3
10/02/2022;128.5;15.5;20.3;35;30.4;27.3
11/02/2022;154;30.8;23.1;35.5;31.5;33.2
12/02/2022;138.2;19.4;20.5;38;33.4;26.9
13/02/2022;15.1;5.9;5;0.4;2.6;1.2
14/02/2022;146.8;25.7;17;38.1;32.8;33.2
15/02/2022;166.2;28.4;23.4;40.4;35.9;38.1
16/02/2022;184.4;31.7;26.2;38.4;43.3;45
17/02/2022;133;18.5;20.9;28.6;27.6;37.4
18/02/2022;50;14.4;11;13.4;4.3;7
21/02/2022;438.3;68.4;58.7;104.3;95.1;111.8
22/02/2022;173.8;25;24.8;43.8;37.1;42.9
23/02/2022;184.8;36;23.7;49.3;31.1;44.7
24/02/2022;120.2;12.2;20.3;28;26.2;33.5
25/02/2022;172.7;29.7;21.1;40.1;37;44.7
26/02/2022;168.9;27.9;23.7;47;32.4;37.7
27/02/2022;13.4;7.5;5.4;null;0.5;null
28/02/2022;150.9;24;20;33;25.9;48.2
01/03/2022;188;26;24.9;40.2;43.3;53.5
02/03/2022;162.5;30.8;25.9;25.7;35.8;44.4
03/03/2022;156.2;18;25.3;37.8;33.3;41.8
04/03/2022;167.9;38.7;23.7;31;32;42.5
05/03/2022;166.1;22.9;24.6;38;32.9;47.5
06/03/2022;27.8;8.7;6.7;4.2;3.4;4.8
07/03/2022;131.7;9.8;22;23.3;30.6;46
08/03/2022;198.1;35.3;26.1;46.9;39.8;50
09/03/2022;190.2;42.2;25.6;42.5;36.9;43.1
10/03/2022;136.6;15.7;20.6;34;32.8;33.4
11/03/2022;166.8;20.2;20.7;35.5;33.2;43.4
12/03/2022;121.9;null;6;22.7;26.3;34.6
14/03/2022;123.1;14.7;13.8;30.1;27.1;37.5
15/03/2022;171.4;23.8;24.8;39.9;38.6;44.4
16/03/2022;172.1;29.8;24.2;37.9;35.5;44.5
17/03/2022;174.4;31.7;26.8;37.3;35;43.5
18/03/2022;167.2;25.8;28;43.8;35.2;34.5
19/03/2022;169.6;26.3;24.8;39.8;39.3;39.4
20/03/2022;20.1;5.6;3.7;3.2;4.3;3.3
21/03/2022;162.3;25.1;20.7;29.9;37;49.6
22/03/2022;185.4;29.1;26.6;40.6;37.9;51
23/03/2022;176;31.3;24.8;41;35.7;43.1
24/03/2022;55;18.3;11.6;12.8;6.8;5.5
25/03/2022;292.4;37.1;38.8;72.6;69.1;74.9
26/03/2022;179.6;28.1;24.9;45.1;37.8;43.8
27/03/2022;11.2;4.4;6.2;null;0.5;null
28/03/2022;152.8;24.8;24.1;34.4;35.9;33.6
29/03/2022;190.6;29;24.5;40.5;46.2;50.1
30/03/2022;188.8;34.3;25.1;36.5;44.4;48.5
31/03/2022;169.5;30.7;25.8;37.1;32.8;43.1
01/04/2022;193.4;32.1;24.4;39.8;40.6;56.6
02/04/2022;181.6;27.3;24.8;41.8;39.5;48
03/04/2022;29.3;9.2;4.7;4.8;5.9;4.9
04/04/2022;156.5;25.6;21.2;38.6;32.4;38.6
05/04/2022;98.7;15;13.5;23.1;21.3;26.1
06/04/2022;246.7;42;32.9;47.4;55.5;68.8
07/04/2022;159.5;28.6;22.4;36.3;34.8;37.3
08/04/2022;137.9;21.3;19;26.6;32;39
09/04/2022;160.1;25.8;21.9;31.7;34.4;46.3
10/04/2022;3.5;null;1.3;0.2;1.6;0.4
11/04/2022;141;23.5;21.6;26.9;35.2;33.9
12/04/2022;189.3;32.8;23.5;42.2;34.5;56.6
13/04/2022;164.4;29.6;23.9;35.3;34.1;41.4
14/04/2022;161.7;26.9;23.4;37.1;36;37.9
15/04/2022;165.4;27.1;20;40.7;35.1;41.6
16/04/2022;338.6;56.5;44;79.1;74.2;83.6
17/04/2022;342.3;56.8;48;79.1;74.2;83.6
19/04/2022;89.5;12.8;14;25.1;14.9;22
20/04/2022;267;47.3;33;61.9;59.5;64.6
21/04/2022;145.9;25;22;25.5;28.9;42.9
22/04/2022;193.8;34.3;21;40.9;44.6;51.7
23/04/2022;175.8;22;24;41.6;41.2;46.5
24/04/2022;51.4;8.5;7;8.9;9.8;16.5
27/04/2022;181.7;29.8;23;36.2;39.7;51.6
28/04/2022;188.8;33.1;25;38.6;42.6;49.1
29/04/2022;180.4;23.9;24;37.5;45.5;49
30/04/2022;89.3;7.1;12;19.2;25.7;24.1
01/05/2022;13.7;6;3;2.1;0.6;1.3
03/05/2022;0.3;0.1;null;null;null;null
04/05/2022;150.7;22.6;23;23.2;37.8;43.9
05/05/2022;182.1;36.6;24;29.4;40.5;50
07/05/2022;204.3;39;28.4;44.7;45.8;46.6
08/05/2022;40.1;8.5;8;7;8.3;8.2
09/05/2022;135.6;23;19.8;30.8;32;29.9
10/05/2022;202.5;34.4;26.9;38.7;49.5;53.1
11/05/2022;205.8;34.2;24.7;42.6;48.2;56
12/05/2022;199;34.4;24.5;37.7;48.2;54.3
13/05/2022;189.7;28.9;21.7;42.7;43.2;53
14/05/2022;170.1;21.3;19.9;33.2;44.6;51.2
15/05/2022;25.8;7.8;3.7;4.6;6.2;3.5
16/05/2022;152.7;21.9;21.2;32.9;36.8;39.9
17/05/2022;213.4;37.4;26.9;48.2;46.6;54.4
18/05/2022;180.8;30.2;25.9;42.3;41.4;41.1
19/05/2022;187.6;36.5;23.7;40.5;39.6;47.4
20/05/2022;169.6;28.5;22.2;33.5;44.2;41.3
21/05/2022;197.4;34.2;24.6;45.4;48.2;44.8
22/05/2022;36.7;5.9;3.4;7.9;9.3;10.2
23/05/2022;150.7;22.8;22;33.3;34.4;38.2
24/05/2022;201.4;31.8;23.2;42.2;48.2;55.8
25/05/2022;201.8;36.2;23.9;43.6;49.6;48.6
26/05/2022;170.6;33;22.5;30.3;36;48.7
27/05/2022;188.4;36;22.3;40.1;42.4;47.7
28/05/2022;189.2;29.8;24.1;38.5;49.8;47
29/05/2022;56.6;18.6;7.1;8.2;12.8;9.9
30/05/2022;139.4;23;21.9;20.4;33;41.3
31/05/2022;187.5;30.3;23.2;36;49.2;48.8
01/06/2022;199.6;41.1;22.8;35.4;49.9;50.2
02/06/2022;181.8;32.2;10.8;31.4;44.6;51.4
03/06/2022;182.2;33.7;null;27.8;47.5;52.3
04/06/2022;180.3;36.6;null;28.5;23.4;47.4
05/06/2022;41.2;13.2;null;6.7;null;9.3
06/06/2022;135.3;20.2;null;17.8;null;36.4
07/06/2022;179.8;35.8;null;30.9;13084.3;45.4
08/06/2022;174.3;39.1;null;28.3;51.2;36.5
09/06/2022;159.6;28.5;null;25.1;46.3;39.3
10/06/2022;176.8;43.1;null;24.4;46.3;43.4
11/06/2022;175.5;25.3;null;33.6;48.9;43.5
12/06/2022;60;7.9;null;12.9;16.7;14.7
13/06/2022;162.8;23.7;null;35.1;38.9;42.9
14/06/2022;185.8;30.9;null;36.2;46.6;48.4
15/06/2022;187;43.5;11596.9;35.6;32.8;51.6
16/06/2022;190.6;32.4;24.2;30.5;44.9;58.9
17/06/2022;174.1;30.6;21.4;30.8;39.9;51.2
18/06/2022;186.7;30;20.6;39.7;49.1;47.5
19/06/2022;41.7;15.1;6.2;8.7;6.1;5.6
20/06/2022;160.3;23;21.9;28.9;42.5;43.9
21/06/2022;169.9;31.4;24.8;35.1;31.7;46.8
22/06/2022;194.7;33.1;23.6;37;52;48.9
23/06/2022;190.6;30.7;24;38;43.6;54.6
24/06/2022;198;33.7;25.1;37.7;49.4;52.1
25/06/2022;187.2;31.7;22.1;43;42.6;47.8
26/06/2022;32.2;6.8;5.9;5.6;5.7;8.1
27/06/2022;154.5;27;22.4;25.6;39.5;40.2
28/06/2022;202.1;32.5;23;40.8;47.4;58.2
29/06/2022;187.4;33.4;24;44.7;34.7;50.6
30/06/2022;198.3;32.9;25;45.4;46.5;48.5
01/07/2022;197.6;34.4;24.5;40.1;45.6;53
02/07/2022;183.8;27.6;23.4;35.7;53.6;43.6
03/07/2022;59.7;8.3;6.7;11.8;14.3;18.4
04/07/2022;175.7;27.4;23.3;34.6;38.4;52.1
05/07/2022;201.4;29.7;26.4;44;44.5;56.8
06/07/2022;202.8;35.6;24.5;46.4;44.2;52.1
07/07/2022;141.6;13.8;16.5;33.2;41;37.1
08/07/2022;28.4;1.4;4.2;6;7.7;9.1
12/07/2022;122.1;25.1;18.8;22;28.7;27.6
13/07/2022;150.3;28.2;22.2;31.4;31.3;37.1
14/07/2022;159.6;27.1;23.9;29.8;34.9;43.9
15/07/2022;183.6;34.4;21.7;38;32.1;50.5
16/07/2022;136.6;16.6;4.1;30.5;null;39.4
17/07/2022;12.6;4.2;1.7;2.2;null;2.5
18/07/2022;160.3;28.9;5.9;32.7;null;37
20/07/2022;164.2;25.9;23.9;32.8;38.8;42.8
21/07/2022;183.4;31.4;23.5;37.9;43.1;47.3
22/07/2022;170.4;31.8;23.4;31.7;40;43.5
23/07/2022;163.7;22.6;22.8;37.2;43.9;37.2
24/07/2022;7.2;2;2.1;null;0.6;2.5
25/07/2022;107.4;20.8;19.1;21.1;28.4;18.2
26/07/2022;164.5;26.3;24.4;31.5;42;40.1
27/07/2022;170.2;29.7;23.8;37.6;35.9;43.3
28/07/2022;182.4;28.5;24;40.9;43.1;46.1
29/07/2022;179.5;30.4;24.1;34.9;43.9;46.3
30/07/2022;147.6;20.9;19.6;32.7;35.6;38.8
31/07/2022;36.6;7.2;4.7;8;8.5;8.1
01/08/2022;141.3;22.9;21.6;30.3;33;33.5
02/08/2022;189.1;31.1;25.5;37.4;44.8;50.4
03/08/2022;185.4;29.1;22.6;38.6;47.3;47.8
04/08/2022;170.5;29.5;24.5;39.1;38.7;38.8
05/08/2022;178.4;32.6;20.4;40.4;46;39
06/08/2022;161.3;17.3;22;35.1;42;45.1
07/08/2022;51.9;6.6;6.4;11.1;12.7;15.1
08/08/2022;143.9;30.1;20.2;21.2;33.8;38.7
09/08/2022;173.8;31.4;24.2;37.2;40.6;40.3
10/08/2022;170.4;33.3;21.8;34.9;40.8;39.4
11/08/2022;185.7;26.6;23.5;39.4;52;44.2
12/08/2022;186.4;32.8;22.6;40.4;53.2;37.5
13/08/2022;118.9;16.8;16.2;23.5;32.1;30.4
14/08/2022;20.4;2.9;2.5;4.1;6.7;4.2
15/08/2022;139.3;26.3;22.8;32.2;28.8;29.1
16/08/2022;170.4;27.6;23.3;33.4;44;42.2
17/08/2022;178.4;24.9;22.6;38;41.9;50.8
18/08/2022;179.6;29.6;22.6;39.5;42.7;45.3
19/08/2022;168;24.1;22.3;29.6;43.4;48.6
20/08/2022;148.3;22.3;19.9;32.3;34.8;39.1
21/08/2022;15.8;3;3.7;3.7;1.7;3.5
22/08/2022;138.2;23.9;20.2;27.8;27.9;38.5
23/08/2022;191;29;24.9;42.8;46.4;47.8
24/08/2022;173.6;29.1;22.7;36.2;41.9;43.7
25/08/2022;146.1;24.3;19.2;27.9;36.1;38.6
26/08/2022;157.8;27.9;2.6;32;38.7;35.7
27/08/2022;309.3;47.4;2.6;65.9;74.6;76.1
28/08/2022;344.5;57.5;2.6;70.2;83.8;83.6
29/08/2022;326;51.2;46.4;64.3;76.6;87.6
30/08/2022;163;31.8;22.2;36.8;33.1;39.1
31/08/2022;142.2;21.8;20.9;29.3;37.8;32.5
01/09/2022;157.2;24.5;20.7;32.9;42.3;36.9
02/09/2022;156.5;29.6;21;31;39.5;35.3
03/09/2022;158.3;25.3;21.5;35.2;42.1;34.1
04/09/2022;20.6;4.6;2.6;2;6.9;4.6
05/09/2022;122.8;24.4;18.6;18.3;33.5;28
06/09/2022;170.3;33.7;22.2;33.5;41.8;39.1
07/09/2022;156.3;20.9;19.4;34.4;42.9;38.8
08/09/2022;153.2;25.2;20;36.7;36.1;33.8
09/09/2022;135.6;27.9;19.3;25.4;33.2;29.7
10/09/2022;124.1;14.4;17.7;27.3;37.3;27.3
11/09/2022;42.8;4.7;5.5;8.5;13.1;10.9
12/09/2022;127.9;23.2;18.4;23.9;35.6;26.9
13/09/2022;157.3;29;20.5;29.5;40.1;38.2
14/09/2022;132.6;24.9;17;27.4;30.9;32.3
15/09/2022;110.2;17.7;18.3;24.9;23.1;26
16/09/2022;141.2;28.9;19.9;34.2;29;29.1
17/09/2022;131.6;17.2;19.4;29.1;32.8;33.2
18/09/2022;6.3;3.3;1.6;null;null;1.3
19/09/2022;137.5;28.3;20.4;32.1;23.2;33.6
20/09/2022;172.7;27;24.9;38.9;36.4;45.5
21/09/2022;149.7;22.7;22;29.7;40.3;35
22/09/2022;136.7;29.1;22.5;29.5;33.7;21.9
23/09/2022;148.6;22.6;21.3;29.1;36.8;38.9
24/09/2022;137.7;22.1;21.4;32.6;31.3;30.3
25/09/2022;4.6;2.5;1.2;0.1;null;0.9
26/09/2022;151.7;29.2;19.8;27.9;34.2;40.5
27/09/2022;162.7;24.4;25.7;36.6;31.5;44.5
28/09/2022;157.1;30.3;25.3;33.3;31.3;36.8
29/09/2022;131.4;16.2;18.9;28.5;30.9;36.9
01/10/2022;147.5;22.6;24.5;30.4;33.2;36.7
02/10/2022;8.8;5.3;3.5;null;null;null
03/10/2022;152.8;22.8;21.8;26.8;36.8;44.5
04/10/2022;167.6;33.2;25.7;29.9;34;44.7
05/10/2022;135.7;20.9;20.9;25.3;27.3;41.2
06/10/2022;147.8;26.6;24.1;29.1;30.7;37.2
07/10/2022;161.7;28.8;23.4;33.2;32.8;43.4
08/10/2022;91.6;15.4;16.3;17.4;15.3;27.2
09/10/2022;3.3;1.1;2.1;null;null;null
10/10/2022;138.6;22.9;19.4;26.2;31.8;38.4
11/10/2022;166.6;32;24.7;28.2;36.5;45.2
12/10/2022;140.1;22.1;22.1;33.6;27.1;35.1
13/10/2022;157.2;29.9;23.5;26.5;36.8;40.6
14/10/2022;160.3;33.5;22.9;34.3;38.8;30.6
15/10/2022;125.5;21.5;19;28;38.7;18.5
16/10/2022;28.5;3.5;4.5;4.7;6.8;9
17/10/2022;138.2;26.7;21.3;23;30.2;37.1
18/10/2022;173.2;33;25.3;30.8;39.4;44.9
19/10/2022;139.4;22.7;22.6;32.3;26.6;35.2
20/10/2022;175;28.7;26.3;31.7;38;50.2
21/10/2022;157;29.9;21.6;33.3;31.9;40.2
22/10/2022;110.2;20.8;21.5;22.2;22.9;23.1
23/10/2022;30;3;4.5;7.4;7;8.2
24/10/2022;140;25.7;7.4;36.1;35.9;18
25/10/2022;187.7;31.9;28.6;33.4;40.1;53.6
26/10/2022;142.7;25.4;22.6;28.1;27.8;38.9
27/10/2022;164.5;27.2;24.5;31.8;35.1;45.9
28/10/2022;179.6;31.9;26.9;38.4;37.1;45.2
29/10/2022;153.8;19.7;22.7;34.1;40.4;37
30/10/2022;21.3;8;4.3;1.9;2;5.1
31/10/2022;148.8;27.2;22.7;24;38.6;36.4
01/11/2022;173.4;30.9;27.1;35.7;34.5;45.2
02/11/2022;145.9;23;25.9;30.1;32.7;34.4
03/11/2022;181.5;28.3;26.9;41.5;38.1;46.8
04/11/2022;164.1;27;25.2;34.4;34.9;42.5
05/11/2022;141.3;24.7;21.4;30.8;30.8;33.7
06/11/2022;16.3;4.3;5.8;3.6;1.4;1.2
07/11/2022;152.2;26.2;21;29.1;34.8;41.1
08/11/2022;185.1;35.2;28.8;40.6;37.5;42.9
09/11/2022;147.7;23.1;23.3;16.4;37.4;47.5
10/11/2022;177.1;30.6;27.6;41.2;34.3;43.4
11/11/2022;162.1;31.6;26.5;32.2;30.2;41.7
12/11/2022;143;21.9;19.3;31;32.7;37.9
13/11/2022;22.3;6.1;6.4;2.7;3.2;3.9
14/11/2022;53.9;11.7;null;13;null;17.2
16/11/2022;181.7;30.2;26.5;44.5;33.2;47.1
17/11/2022;184.3;33.5;25;37.7;43.5;44.4
18/11/2022;173.7;24.9;28.3;34.8;37.9;47.9
19/11/2022;159.9;32.5;24.1;36.8;29.9;36.6
20/11/2022;13.4;5.2;5.6;0.7;0.2;1.6
21/11/2022;152.2;28.1;22.5;37.3;25.8;38.5
22/11/2022;173.4;27.4;28.3;35.8;40.1;41.9
23/11/2022;191;40.4;25.6;38;36.8;50.2
24/11/2022;156.6;23.1;22.8;32;36.4;42.3
25/11/2022;173;33.4;26.7;28.4;38.1;46.4
26/11/2022;145.5;26.1;22.9;28.7;32.8;35
27/11/2022;23.6;6.7;3.1;4;3.5;6.1
28/11/2022;146.7;26;22.7;25.2;38.3;34.4
29/11/2022;181.8;36.4;24.6;36.5;37.5;46.7
30/11/2022;164.5;27.3;27.9;32.8;34.8;41.7
01/12/2022;168.9;32;25.5;34.6;36.9;39.9
02/12/2022;167.8;31.7;28;33.9;35;39.5
03/12/2022;169.6;30.8;25.9;36.6;34.2;41.9
04/12/2022;16.6;7.4;4.8;0.8;3.4;0.1
05/12/2022;144.1;24.3;17.9;25;40.2;36.8
06/12/2022;168.4;30.8;27.5;34.6;29.3;46.3
07/12/2022;87.5;18.5;12.9;15.9;19.1;21.2
08/12/2022;144.3;27.5;12.9;31;27.8;33.6
09/12/2022;159.4;28.9;25.5;32.9;32.8;39.5
10/12/2022;179.7;32.5;28.8;40.2;37.4;40.7
11/12/2022;10.3;4.7;3.3;1.4;1;null
12/12/2022;151.6;25.5;23.2;27.2;37.2;38.4
13/12/2022;189.6;38.1;28;40.5;35.2;47.8
14/12/2022;162.5;32.8;26.5;30.7;32.7;39.8
15/12/2022;187.9;28.8;28.3;41.8;41.2;47.8
16/12/2022;173.3;34.7;26.7;34.9;37.7;39.2
17/12/2022;119.4;18.6;22.4;26.1;22.7;29.6
18/12/2022;1.1;0.5;0.6;null;null;null
19/12/2022;164.8;28.3;25.7;30.9;39.7;40.3
20/12/2022;181.7;39.8;29.3;34.4;33.4;44.7
21/12/2022;185.8;32.8;28.1;41.4;38;45.4
22/12/2022;158.4;25.6;26.3;36.5;31.9;38.3
23/12/2022;183.1;42.3;28.1;39.1;29.9;43.7
24/12/2022;181.8;32.8;26.3;35.5;42.9;44.3
25/12/2022;36.3;7.9;9.7;6.9;4.5;7.2
26/12/2022;158.8;28;23.7;27.9;35.5;43.6
27/12/2022;183.4;36.6;29.4;34;37.9;45.6
28/12/2022;196.7;36.8;29.1;39.5;45;46.2
29/12/2022;200.8;35.9;30.4;43.9;44.6;46
30/12/2022;191.2;34.4;30.2;42.9;43.1;40.8
31/12/2022;166.4;22.9;30.8;33.8;38.2;40.6
01/01/2023;0.8;0.1;0.6;null;null;null
02/01/2023;146.8;25.8;20.9;27;31.1;42
03/01/2023;172.3;33.5;26.7;31.1;41.1;40
04/01/2023;185.5;31.6;28.3;34.1;42.2;49.4
05/01/2023;179.9;35.1;26.3;35.1;38.5;44.8
06/01/2023;178.8;30.9;28.2;34.2;40.5;45
07/01/2023;173.3;32.2;27.1;36.2;38.7;39
08/01/2023;18.5;9.9;5.6;2.1;null;0.9
09/01/2023;139.8;22.8;22.2;34.9;23.5;36.6
10/01/2023;197.1;38.1;24.5;43;45.5;45.9
11/01/2023;184.9;34.3;29;37.4;36.9;47.3
12/01/2023;174.7;32.1;29.2;33.5;37.7;42
13/01/2023;154.5;27.7;26.9;30.8;24.5;44.4
14/01/2023;177.2;32.3;28.3;36.3;37.5;42.8
15/01/2023;24.4;8.7;6.5;3.8;1.8;3.6
16/01/2023;150.4;25;25.1;31.3;32.6;36.5
17/01/2023;178.9;30.5;30.7;35;41.9;40.7
18/01/2023;182.3;35.4;29.1;32.6;36.3;49
19/01/2023;175.5;31.3;27.6;36.7;37.6;42.2
20/01/2023;170.1;30.6;23.6;33.6;40.9;41.3
21/01/2023;174.9;39.4;23.3;34.7;35.9;41.6
22/01/2023;35.1;4.6;11;6.8;3.7;9.1
23/01/2023;154.1;25.1;26.3;31.1;36.1;35.4
24/01/2023;203.5;37.2;28.1;45;44.7;48.5
25/01/2023;204.1;39.9;30.9;39;42.4;51.8
26/01/2023;184.1;37.2;28.6;36.8;38.9;42.5
27/01/2023;177;32.2;30.5;36.1;34.8;43.4
28/01/2023;170.7;30;27.1;37.7;37.6;38.3
29/01/2023;8.1;2.8;5.3;null;null;null
30/01/2023;157.6;27.9;24.5;39.5;37.2;28.5
31/01/2023;176.7;35;30.1;36.2;36.8;38.6
01/02/2023;168.9;26.7;29.7;31;34;47.6
02/02/2023;178.2;40.1;28.8;27.1;39.2;43
03/02/2023;157.9;23.1;26.2;34.4;36.4;37.5
04/02/2023;175.2;39.1;30;33.5;30.5;42.1
05/02/2023;22.4;5.9;5.1;5.5;2.8;3.2
06/02/2023;142.5;24.6;24;14.3;36.3;43
07/02/2023;192.2;35.9;29.3;40.8;41.1;45.2
08/02/2023;149.9;30.4;26;26.8;32.3;34.4
09/02/2023;143.7;21.3;20.2;29.9;28.8;43.6
10/02/2023;170.8;31;30.1;28.6;35.5;45.4
11/02/2023;174.8;30.3;29.8;35.4;35.6;43.9
12/02/2023;20.3;10.7;6.1;null;3;0.5
13/02/2023;160.7;30.8;24.8;28.2;32.6;44.4
14/02/2023;163.6;25;28.2;20.1;40.7;49.5
15/02/2023;165.8;30.5;25.6;30.9;38.3;40.6
16/02/2023;140.5;32.1;23;23.2;26.7;34.6
22/02/2023;909.1;174.1;145.9;196;168.3;225.6
23/02/2023;160.5;27.4;27.8;30.6;37.5;37.1
24/02/2023;163;27.3;28.3;26.9;35.8;44.5
25/02/2023;144.6;24.7;23.1;28;32.5;36.5
26/02/2023;17.8;9.8;5.4;2.4;0.4;null
27/02/2023;150.4;26.1;36.6;17.7;39.5;30.3
28/02/2023;186.5;41.1;49.1;12.4;37;46.9
01/03/2023;190.3;42.6;47.1;15.3;41.8;43.5
02/03/2023;166.4;32;45;11.4;34.7;43.3
03/03/2023;170.5;32.7;45;11.7;37.4;43.7
04/03/2023;170.8;39.1;41.3;13.6;33.1;43.7
05/03/2023;29.4;7;7.7;1.6;6.7;6.4
06/03/2023;153.9;26.1;38.9;9.8;38.2;40.8
07/03/2023;183;41.5;47.2;14.8;35.1;44.3
08/03/2023;190.6;43.1;50.8;16.7;41.8;38.3
09/03/2023;150.1;29.2;40.1;11.7;30.8;38.2
10/03/2023;189;42.4;52.2;14.4;41.3;38.7
11/03/2023;164.5;32.5;46.2;10.5;36;39.3
12/03/2023;25.8;8.6;7.8;1.9;3.1;4.3
13/03/2023;151.1;26.9;47;9.2;34.1;34.1
14/03/2023;195.6;46.2;45.4;14.5;41.4;48.1
15/03/2023;186.8;35;52.5;11.3;39.2;48.7
16/03/2023;165.2;25.9;53.5;7.1;34.9;43.9
17/03/2023;168.4;41.2;34.9;15;31.8;45.5
18/03/2023;181.6;35.2;53.6;12;33.9;46.9
19/03/2023;24.2;5.8;9.6;1.9;3.7;3.2
20/03/2023;146.7;28.7;49.1;9.8;32.2;26.9
21/03/2023;163.4;31.3;48.4;9.6;32.4;41.6
22/03/2023;208.2;42;53.5;15.3;44.7;52.7
23/03/2023;187.3;39.3;51.5;13.8;38.5;44.2
24/03/2023;177.5;32;53;8;42.1;42.3
25/03/2023;169.2;31.2;51.3;8.5;35.7;42.6
26/03/2023;12.1;5.9;5.1;1.1;null;null
27/03/2023;149.3;23.9;40.7;6.8;29.1;48.8
28/03/2023;169.2;32.3;45.2;9;35.8;46.9
29/03/2023;150.6;23.3;41.3;6.3;31.4;48.3
30/03/2023;172.4;39.6;43.5;10.5;38.8;40.1
31/03/2023;150.2;25.2;44.1;7.5;31.3;41.9
01/04/2023;140.8;23.6;37.1;6.2;27.9;46.1
02/04/2023;4.4;0.8;3.5;null;null;null
03/04/2023;148.70000000001164;24.80000000000291;42.400000000001455;7.200000000000728;38;36.80000000000291
04/04/2023;171.5;30.900000000001455;51.70000000000073;8.599999999998545;37.29999999999927;43
05/04/2023;177.1999999999971;39.20000000000073;47.400000000001455;10.399999999997817;40.400000000001455;39.900000000001455
06/04/2023;166.10000000000582;27.700000000000728;50.20000000000073;7.900000000001455;38;42.20000000000073
07/04/2023;171.59999999999127;32.29999999999927;49.900000000001455;7.900000000001455;39.70000000000073;41.70000000000073
08/04/2023;138.90000000000873;22.099999999998545;46.20000000000073;5.799999999999272;26.599999999998545;38.099999999998545
09/04/2023;12.5;4.900000000001455;6.100000000002183;1.2000000000007276;null;0.3000000000029104
10/04/2023;157.3000000000029;24.799999999999272;50.10000000000218;6.799999999999272;42.400000000001455;33.5
11/04/2023;164;29.5;46.79999999999927;8.100000000002183;41.5;37.79999999999927
12/04/2023;164.90000000000873;27.200000000000728;47.70000000000073;6.900000000001455;35.70000000000073;47.400000000001455
13/04/2023;178.5;38.70000000000073;47.29999999999927;9.900000000001455;35.900000000001455;46.70000000000073
14/04/2023;167.9;29.4;43.4;8.2;35.1;51.7
15/04/2023;173.6;28;50.5;7.7;37.8;49.6
16/04/2023;19.69999999999709;6.5;9.299999999999272;1.4000000000014552;2.5;null
17/04/2023;161.5;25.8;48.7;7.3;30.5;49.1
18/04/2023;192.6;44.3;50.6;12.5;39;46.4
19/04/2023;152.3;18.1;54.6;4.2;36.5;38.8
20/04/2023;54;10.5;27.4;2.6;8.4;5.1
23/04/2023;null;0.1;null;null;null;null
24/04/2023;137.9;22.7;55.9;6.1;27.5;25.8
25/04/2023;201.5;47.5;57;12.6;43.8;40.3
26/04/2023;199.1;41.3;55.2;11;41.6;50
27/04/2023;196.8;36;62.9;9.3;40.8;47.9
28/04/2023;198.4;40.9;57.8;10.3;40.4;49
29/04/2023;163.6;28.2;49.7;6.9;32.4;46.3
30/04/2023;31.6;12.9;7.6;2.9;3.2;4.9
01/05/2023;153.1;29.1;5.2;null;26.8;47.9
02/05/2023;165;28;77.6;21.4;33.2;51
03/05/2023;183.9;32.5;28.1;36.8;39.6;46.7
04/05/2023;151;28;24;25.6;32.2;41.3
05/05/2023;184;37.9;27.4;35.6;34.8;48.2
06/05/2023;173.9;28.6;28.1;34.8;39.6;42.7
07/05/2023;30.59999999999127;11.900000000001455;5.5;4.100000000002183;3.400000000001455;5.599999999998545
08/05/2023;148.5;28;20.600000000002183;32.89999999999782;38.79999999999927;28.099999999998545
09/05/2023;204.3;36.9;28.9;42.7;46.1;49.9
10/05/2023;173;30;25.4;37.7;37.5;42.3
11/05/2023;191.1;36.8;27.2;40.1;44.4;42.7
12/05/2023;190.4;37.1;27.4;35.7;37.2;52.8
13/05/2023;156.7;23.1;26.4;30.8;38.4;38
14/05/2023;28.10000000000582;9.900000000001455;5.5;4.099999999998545;2.099999999998545;6.5
15/05/2023;154.3;24.5;22.1;30.2;38.1;39
16/05/2023;199.4;40.6;26.7;37.5;42.8;51.9
17/05/2023;185.7;30.8;28.4;38.4;43.6;44.5
18/05/2023;195.7;40.6;28.1;41.7;40.7;44.6
19/05/2023;181.9;30.6;28.2;39.1;35.6;48.4
20/05/2023;168.6;27.9;25.2;43.1;31.8;40.6
21/05/2023;25.39999999999418;7.700000000000728;4.399999999997817;4.900000000001455;4.200000000000728;4.200000000000728
22/05/2023;148.3;25.5;22.1;27.4;33.1;40.1
23/05/2023;201.2;32.1;30.6;44.8;43.4;50.5
24/05/2023;203.6;41.6;26.3;39.5;46;50.1
25/05/2023;171.5;27.8;25.5;35.2;35.3;47.6
26/05/2023;166.9;30.7;28;29.9;29.1;49
27/05/2023;199;36.2;28.6;35.1;45.4;53.7
28/05/2023;26.80000000000291;11.299999999999272;5.200000000000728;3.5;2.7000000000007276;4.200000000000728
29/05/2023;154.3;27.1;22.7;27.8;37.3;39.4
30/05/2023;189.1;31.8;28.1;43.9;44.1;41.2
31/05/2023;195.8;36.2;26.3;41.4;45.2;46.7
01/06/2023;182.9;33.2;26.8;40.3;37;45.6
02/06/2023;189.2;34.2;26;40.7;42.2;45.8
03/06/2023;159.3;24.9;23.7;35.5;34;41.2
04/06/2023;21.5;7.700000000000728;5.099999999998545;3.2999999999992724;5.299999999999272;0.09999999999854481
05/06/2023;153;27.2;24.7;38.5;33.1;29.5
06/06/2023;200.8;36.1;26.4;43.1;47;48.2
07/06/2023;201.1;37.3;28.5;44;43.4;47.8
08/06/2023;201;38.3;28.4;43.3;45.1;46
09/06/2023;179.7;31.5;25.7;40.5;40.4;41.7
10/06/2023;175.5;30.4;28.3;36.1;38.3;42.3
11/06/2023;40.69999999999709;9;8.200000000000728;8.299999999999272;7;8.100000000002183
12/06/2023;161.2;25.6;24.7;38.8;39;33.1
13/06/2023;203.5;41.5;27.7;43.3;44.4;46.7
14/06/2023;179.6;27;28.2;40.3;39.5;44.5
15/06/2023;190.3;38.7;27;41;42.9;40.7
16/06/2023;171.6;28.6;25.7;29.4;39.7;48.2
17/06/2023;185;31.9;27.3;37.8;36.7;51.3
18/06/2023;22.69999999999709;5.700000000000728;4.200000000000728;2.599999999998545;4;6.100000000002183
19/06/2023;165.8;25.3;27.3;33.1;35.6;44.5
20/06/2023;214;38.6;28.2;49;46.1;52.1
21/06/2023;190.4;36;27.9;42.4;40.6;43.5
22/06/2023;184.6;26.3;27;35.5;49.7;46.1
23/06/2023;182.9;38.3;26.6;37.3;42.8;37.8
24/06/2023;175.7;39.1;26.8;34.6;35.5;39.7
25/06/2023;162.1999999999971;23.30000000000291;21.5;34.79999999999927;41;41.60000000000218
26/06/2023;97.5;null;12.5;26.3;27.2;31.5
27/06/2023;28.6;3.4;5.6;4.4;6.8;8.4
30/06/2023;0.1;null;0.1;null;null;null
01/07/2023;109.1;6.5;21.1;31.2;15.4;34.9
02/07/2023;52.60000000000582;29;9.599999999998545;3;2.7000000000007276;8.299999999999272
03/07/2023;146.5;32;24.9;29.7;24.3;35.5
04/07/2023;201.9;37.5;28.2;45.7;47.9;42.5
05/07/2023;219.5;45.1;29.8;48.4;47.9;48.2
06/07/2023;180.9;29.9;24.9;43;45.8;37.2
07/07/2023;193.4;37.4;26.6;43.4;45.3;40.6
08/07/2023;187.5;33.2;25.3;42.9;44.7;41.2
09/07/2023;62.39999999999418;6.80000000000291;8.299999999999272;15.799999999999272;18.700000000000728;12.599999999998545
10/07/2023;160.2;30.4;23;33.7;40.3;32.8
11/07/2023;187.1;33.2;27.2;44.2;42;40.6
12/07/2023;204;39.8;27.9;45.1;44.7;46.5
13/07/2023;183.1;27.2;24.7;42.8;47.8;40.7
14/07/2023;192.5;37.3;26.5;39.9;48;40.6
15/07/2023;189.4;33.6;27.3;39.5;42.4;46.7
16/07/2023;42.59999999999127;7;5.399999999997817;9.700000000000728;9.799999999999272;10.700000000000728
17/07/2023;163.9;31.1;23.3;30.7;39;39.7
18/07/2023;184.3;34.9;27.1;35.6;40.7;46
19/07/2023;161.4;23.1;23.4;36;39.1;38.7
20/07/2023;187.5;41.1;25.3;32.7;44.4;46.4
21/07/2023;187.4;30.4;27.8;36.7;43;49.4
22/07/2023;167.8;31.7;25.3;36.3;28.9;45.7
23/07/2023;27.59999999999127;7.600000000002183;4.200000000000728;2.899999999997817;6.700000000000728;5.700000000000728
24/07/2023;135.7;21.6;20.8;24.7;35;33.8
25/07/2023;157.6;25.9;23.3;38.1;35.9;34.3
26/07/2023;173.7;27.4;24.4;40.3;42.9;38.6
27/07/2023;182.6;36.8;25.2;40.9;42.5;37.2
28/07/2023;197.4;40;28.2;42;47.6;39.6
29/07/2023;183.9;32.6;27;43.4;43.8;37.2
30/07/2023;128.59999999999127;9.600000000002183;16.200000000000728;35.89999999999782;35.70000000000073;31
31/07/2023;151.9;26.5;23.8;29;37.2;35.5
01/08/2023;186;38.4;26.1;40.4;44.4;36.7
02/08/2023;194.5;41.3;25.8;40.9;39.9;46.5
03/08/2023;160.1;15.9;24.5;37.2;42.4;40
04/08/2023;187.1;39.5;26.5;43;39.1;38.9
05/08/2023;199.2;42.9;27.4;43.4;44.4;41.2
06/08/2023;92.19999999999709;11.30000000000291;12.200000000000728;21.200000000000728;26.799999999999272;20.899999999997817
07/08/2023;157.3;21.8;23.7;32.3;44.7;34.7
08/08/2023;212.6;44.2;28.1;43.9;48.8;47.6
09/08/2023;215.7;36.8;30.2;49.1;45.1;54.6
10/08/2023;204;38.1;27.7;40.8;49.1;48.2
11/08/2023;192.4;37.5;21.8;41.9;42.2;24.3
12/08/2023;198.9;27.6;5.2;42.1;48.1;null
13/08/2023;45.19999999999709;18.299999999999272;0.8000000000001819;5.5;6.299999999999272;null
14/08/2023;164.8;24.5;65.6;30.3;35.7;125.1
15/08/2023;209.1;43.9;30.4;40.5;42.3;51.9
16/08/2023;188.9;36.1;27.5;41;42.1;42.3
17/08/2023;156.2;19.3;25.9;36.9;49.5;24.4
18/08/2023;62;17.4;11.9;13.4;8.9;10.4
21/08/2023;120.10000000000582;19;18.099999999998545;25.299999999999272;28.299999999999272;29.099999999998545
22/08/2023;203;37;30;48.8;44;43.1
23/08/2023;199.1;38.7;29.1;38;45.9;47.1
24/08/2023;163.9;24.3;24.8;34.5;37;43.2
25/08/2023;205.2;42.5;28.9;45.7;44.6;43.6
26/08/2023;182.6;30.4;28;40.2;41.5;42.5
27/08/2023;29;3.9;5.1;5.9;6.3;7.8
28/08/2023;175.6;34.3;25.9;35.5;40.5;39.5
29/08/2023;185.6;36.4;28.7;38.9;42.9;38.5
30/08/2023;197.2;33.8;32.2;38.3;44.1;48.9
31/08/2023;208.39999999999418;36.80000000000291;30.600000000002183;42.60000000000218;46.400000000001455;52
01/09/2023;200.8;37.1;29.1;40.5;50.3;43.8
02/09/2023;172.5;30.7;20.1;33.4;43.7;44.8
03/09/2023;15;7.599999999998545;3.7999999999992724;0.2999999999992724;1;null
04/09/2023;152;29.3;22.4;16.1;39.6;44.7
05/09/2023;173.1;37.2;25.4;31.9;40.2;38.3
06/09/2023;199.3;48.6;28.5;44.2;41.2;36.7
07/09/2023;190.3;39.1;29.4;41.8;40.8;39.4
08/09/2023;191.79999999998836;43;26;41.39999999999782;41;40.39999999999782
09/09/2023;184.90000000000873;40.900000000001455;27.099999999998545;41.599999999998545;40.70000000000073;34.5
10/09/2023;131;13.900000000001455;16.599999999998545;34;36.29999999999927;30.200000000000728
11/09/2023;165.40000000000873;35.099999999998545;25.400000000001455;35.099999999998545;33;36.79999999999927
12/09/2023;194.09999999999127;36.70000000000073;28.799999999999272;46.10000000000218;43.80000000000291;38.79999999999927
13/09/2023;185.89999999999418;35.29999999999927;27.099999999998545;42.400000000001455;40.400000000001455;40.5
14/09/2023;178.5;35.69999999999709;22.799999999999272;40.19999999999709;40.5;39
15/09/2023;181.29999999998836;40;26.400000000001455;38.89999999999782;40.89999999999782;34.89999999999782
16/09/2023;169;30.899999999997817;25.299999999999272;40.29999999999927;29.899999999997817;42.400000000001455
17/09/2023;66.39999999999418;6.5;9.5;18.600000000002183;17.80000000000291;14.099999999998545
18/09/2023;131.89999999999418;21.700000000000728;21.299999999999272;29.899999999997817;22.899999999997817;36
19/09/2023;146.09999999997672;17.700000000000728;27.5;35.5;35.900000000001455;29.5
20/09/2023;90.79999999998836;28.599999999998545;23.200000000000728;15.600000000002183;13.200000000000728;10.099999999998545
21/09/2023;101.79999999998836;11.700000000000728;21.799999999999272;17.799999999999272;23.200000000000728;27.400000000001455
22/09/2023;120.30000000001746;28.599999999998545;25.30000000000291;13.700000000000728;22.700000000000728;30
23/09/2023;132.60000000000582;43;22.899999999997817;11.69999999999709;22.19999999999709;32.599999999998545
24/09/2023;26;3.7999999999992724;4.600000000002183;null;null;17.399999999997817
25/09/2023;164;34;16.899999999997817;40.10000000000218;31.80000000000291;30.700000000004366
26/09/2023;192.40000000002328;35.20000000000073;null;44.10000000000218;43.5;40.69999999999709
27/09/2023;176.60000000000582;28.200000000000728;null;44;39.29999999999927;39.69999999999709
28/09/2023;103.10000000000582;13.799999999999272;4853.4000000000015;21.80000000000291;26.100000000002183;23.69999999999709
29/09/2023;243.60000000000582;41.80000000000291;39.900000000001455;55.29999999999927;53.69999999999709;53
30/09/2023;224.60000000000582;42.099999999998545;30.799999999999272;47.70000000000073;48.29999999999927;55.700000000004366
01/10/2023;59.89999999999418;7.200000000000728;8.100000000002183;12.5;13.399999999997817;18.599999999998545
02/10/2023;180.19999999998254;23.700000000000728;29.099999999998545;37.5;40.900000000001455;48.900000000001455
03/10/2023;206.60000000000582;40.70000000000073;30;46.60000000000218;38.20000000000073;50.89999999999418
04/10/2023;225.60000000000582;45.599999999998545;31.200000000000728;50.70000000000073;45.900000000001455;52.299999999995634
05/10/2023;173;26;28.299999999999272;39.5;35;44
06/10/2023;202.60000000000582;34.70000000000073;27;44.30000000000291;44.599999999998545;52
07/10/2023;177.89999999999418;26.700000000000728;29.69999999999709;31.700000000000728;41;48.89999999999418
08/10/2023;21;10.5;6.5;null;4;null
09/10/2023;172.70000000001164;33.79999999999927;28;32.79999999999927;35.70000000000073;42.5
10/10/2023;186.10000000000582;36.10000000000218;31.80000000000291;42.20000000000073;36.69999999999709;39.10000000000582
11/10/2023;223.20000000001164;43.70000000000073;33;47.5;48.79999999999927;50.099999999998545
12/10/2023;147.70000000001164;14.5;25.799999999999272;37.39999999999782;32.400000000001455;37.700000000004366
13/10/2023;178.80000000001746;32.5;30.600000000002183;31.200000000000728;40.5;44
14/10/2023;188.20000000001164;42.10000000000218;31.099999999998545;36.70000000000073;37.19999999999709;41.099999999998545
15/10/2023;5.100000000005821;2.400000000001455;2.7999999999992724;null;null;null
16/10/2023;169.19999999998254;25.599999999998545;26.19999999999709;31.599999999998545;38.400000000001455;47.599999999998545
17/10/2023;199.10000000000582;36.79999999999927;32.5;39.400000000001455;44.20000000000073;46.10000000000582
18/10/2023;187.89999999999418;35.900000000001455;30.200000000000728;36.400000000001455;36;49.400000000001455
19/10/2023;158.5;21;27.700000000000728;35.79999999999927;36.900000000001455;36.900000000001455
20/10/2023;169.39999999999418;30.799999999999272;28.100000000002183;32;37.79999999999927;40.700000000004366
21/10/2023;183.90000000002328;34.60000000000218;29.100000000002183;35.80000000000291;40.900000000001455;43.299999999995634
22/10/2023;16.10000000000582;2.900000000001455;6;0.2999999999992724;5.200000000000728;1.5999999999985448
23/10/2023;166.60000000000582;28;28.099999999998545;31;36.599999999998545;43
24/10/2023;197;39;30.900000000001455;38.20000000000073;40.5;48.5
25/10/2023;186.79999999998836;35.20000000000073;29.900000000001455;34.30000000000291;39.70000000000073;47.599999999998545
26/10/2023;152.79999999998836;23.299999999999272;28.200000000000728;24.599999999998545;32.5;44.200000000004366
27/10/2023;166;29.5;29.200000000000728;30.400000000001455;31.099999999998545;45.69999999999709
28/10/2023;179.70000000001164;40.20000000000073;28.900000000001455;27.600000000002183;39;44
29/10/2023;9.89999999999418;4.299999999999272;5.69999999999709;null;null;null
30/10/2023;172.79999999998836;32;28.900000000001455;29.799999999999272;40.900000000001455;41.30000000000291
31/10/2023;177.20000000001164;37.5;27.900000000001455;31.700000000000728;40.20000000000073;39.900000000001455
01/11/2023;191.5;42.29999999999927;30.200000000000728;35.400000000001455;44.400000000001455;39.299999999995634
02/11/2023;163.30000000001746;19.700000000000728;31.099999999998545;34;35.400000000001455;43.19999999999709
03/11/2023;166.39999999999418;51.400000000001455;31.700000000000728;29.5;20.5;33.19999999999709
04/11/2023;202.60000000000582;27.900000000001455;31.599999999998545;45.900000000001455;47.70000000000073;49.599999999998545
05/11/2023;28.5;9.899999999997817;11.400000000001455;1;2.399999999997817;3.7999999999956344
06/11/2023;130;23.600000000002183;21.099999999998545;20.900000000001455;27.100000000002183;37.30000000000291
07/11/2023;206.20000000001164;38.89999999999782;32.099999999998545;37.79999999999927;49.29999999999927;48.099999999998545
08/11/2023;190.5;40.79999999999927;31.400000000001455;32.89999999999782;40.29999999999927;45.10000000000582
09/11/2023;167.39999999999418;31.200000000000728;26.5;33.79999999999927;34.099999999998545;41.599999999998545
10/11/2023;23.29999999998836;4.899999999997817;3.099999999998545;3.7999999999992724;6.100000000002183;5.5
14/11/2023;645.6000000000058;123.60000000000218;108.29999999999927;116.20000000000073;141.5;null
15/11/2023;300.1000000000058;53;49.30000000000291;55.29999999999927;69.29999999999927;229.3000000000029
16/11/2023;144;20.200000000000728;28.299999999999272;27.799999999999272;32.89999999999782;34.799999999995634
17/11/2023;175.10000000000582;35.10000000000218;28.299999999999272;27.700000000000728;42.70000000000073;41.099999999998545
18/11/2023;196.60000000000582;37.099999999998545;31.900000000001455;35.29999999999927;43.5;48.80000000000291
19/11/2023;35.30000000001746;9.899999999997817;11.200000000000728;4.19999999999709;3.600000000002183;6.400000000001455
20/11/2023;166.10000000000582;30.799999999999272;29.799999999999272;25.100000000002183;39.29999999999927;41
21/11/2023;191.19999999998254;33;30.5;42.900000000001455;40.70000000000073;44.099999999998545
22/11/2023;200.59999999997672;37.099999999998545;33.39999999999782;38.20000000000073;42.29999999999927;49.599999999998545
23/11/2023;177;24.099999999998545;29.30000000000291;35;43.70000000000073;44.60000000000582
24/11/2023;186.80000000001746;40;34.400000000001455;34.20000000000073;38.400000000001455;39.900000000001455
25/11/2023;197.10000000000582;33.400000000001455;32.599999999998545;37.70000000000073;43;50.400000000001455
26/11/2023;23.699999999982538;10;7.299999999999272;2.399999999997817;1.2000000000007276;2.7999999999956344
27/11/2023;147.70000000001164;21.899999999997817;29.900000000001455;27.299999999999272;38.5;30
28/11/2023;222.39999999999418;42.599999999998545;33.79999999999927;43.70000000000073;51;51.299999999995634
29/11/2023;197.59999999997672;30.599999999998545;34.39999999999782;40.099999999998545;46;46.599999999998545
30/11/2023;200.5;34.400000000001455;31.900000000001455;44.099999999998545;46.60000000000218;43.5
01/12/2023;159.89999999999418;31.599999999998545;31.600000000002183;23;38.10000000000218;35.599999999998545
02/12/2023;157.5;33.39999999999782;33.10000000000218;29.799999999999272;30.299999999999272;30.599999999998545
03/12/2023;109.39999999999418;19.700000000000728;17.900000000001455;22;28;21.69999999999709
04/12/2023;168.29999999998836;23.69999999999709;28.5;32;43.400000000001455;40.5
05/12/2023;210.19999999998254;39.39999999999782;33.80000000000291;43;48.5;45.5
06/12/2023;193.40000000002328;32.39999999999782;33.099999999998545;36.79999999999927;45.5;45.69999999999709
07/12/2023;184.10000000000582;32.30000000000291;30.5;37.89999999999782;40.400000000001455;42.900000000001455
08/12/2023;161.29999999998836;24.5;32;28.599999999998545;37.20000000000073;39
09/12/2023;206.60000000000582;43.900000000001455;31.200000000000728;43.70000000000073;41.30000000000291;46.200000000004366
10/12/2023;54.29999999998836;9.80000000000291;12.600000000002183;8.799999999999272;11.599999999998545;11.5
11/12/2023;170;28.69999999999709;27.400000000001455;36.5;40.79999999999927;36.5
12/12/2023;203.90000000002328;44.099999999998545;30.200000000000728;37.29999999999927;48.39999999999782;43.599999999998545
13/12/2023;209.89999999999418;39.900000000001455;32.39999999999782;43.10000000000218;49.69999999999709;44.80000000000291
14/12/2023;167;24.5;30;38.5;35.60000000000218;38.099999999998545
15/12/2023;197.29999999998836;29;29.5;44;40.400000000001455;54.30000000000291
16/12/2023;214.89999999999418;42;31.900000000001455;40.60000000000218;48.20000000000073;52
17/12/2023;33.5;9.899999999997817;8.799999999999272;5.400000000001455;5.099999999998545;4.400000000001455
18/12/2023;167.29999999998836;29.600000000002183;26.900000000001455;28.099999999998545;45.70000000000073;37.099999999998545
19/12/2023;195.29999999998836;37.69999999999709;28.400000000001455;37.900000000001455;49.5;41.80000000000291
20/12/2023;209.90000000002328;38;30.700000000000728;43;48.29999999999927;49.69999999999709
21/12/2023;206.5;30.5;31.099999999998545;44.900000000001455;46;54
22/12/2023;189.69999999998254;38;28.799999999999272;34.89999999999782;42;46
23/12/2023;190.09999999997672;37;28.600000000002183;34.599999999998545;43.400000000001455;46.19999999999709
24/12/2023;48.79999999998836;10.599999999998545;13.600000000002183;7.900000000001455;8.900000000001455;7.700000000004366
25/12/2023;178.40000000002328;30.80000000000291;28.5;39.5;46.599999999998545;33
26/12/2023;224.79999999998836;43;31.399999999997817;47.20000000000073;46.60000000000218;56.799999999995634
27/12/2023;217.39999999999418;35.5;32.70000000000073;43.20000000000073;50.099999999998545;55.89999999999418
28/12/2023;226.39999999999418;41.79999999999927;34;45.599999999998545;50.20000000000073;54.89999999999418
29/12/2023;229.20000000001164;44.400000000001455;35.39999999999782;46.099999999998545;47.30000000000291;56
30/12/2023;245.10000000000582;50.39999999999782;35.60000000000218;47.099999999998545;51.900000000001455;60
31/12/2023;102.1;14.5;26.4;17.3;22.3;21.7
01/01/2024;3.2999999999883585;1.2000000000007276;2.100000000002183;null;null;null
02/01/2024;172.80000000001746;27.700000000000728;30.899999999997817;25.700000000000728;33.099999999998545;55.5
03/01/2024;198.39999999999418;37.79999999999927;33.900000000001455;38.10000000000218;39.89999999999782;48.69999999999709
04/01/2024;193;29.30000000000291;35.20000000000073;33.900000000001455;41.5;53.200000000004366
05/01/2024;212.09999999997672;49.20000000000073;33.60000000000218;40.79999999999927;38;50.19999999999709
06/01/2024;185.69999999998254;27.5;27.200000000000728;40;44.20000000000073;46.799999999995634
07/01/2024;36;12;7.599999999998545;6.299999999999272;4.799999999999272;5.30000000000291
08/01/2024;179.10000000000582;30.899999999997817;29.799999999999272;40.29999999999927;39.400000000001455;38.80000000000291
09/01/2024;227.70000000001164;43.5;31.400000000001455;45.400000000001455;50.89999999999782;56.5
10/01/2024;208.70000000001164;36.20000000000073;30.900000000001455;40.70000000000073;47.60000000000218;53.400000000001455
11/01/2024;214;40.099999999998545;29.900000000001455;45.60000000000218;43;55.099999999998545
12/01/2024;209.69999999998254;36.89999999999782;30.900000000001455;41.099999999998545;45;55.599999999998545
13/01/2024;138.59999999997672;20.299999999999272;27.600000000002183;26.099999999998545;31.299999999999272;33.30000000000291
14/01/2024;13;3.5;7.399999999997817;null;null;2.099999999998545
15/01/2024;173.29999999998836;31.600000000002183;26.299999999999272;39.10000000000218;40.5;36
16/01/2024;221;41.69999999999709;30.799999999999272;42.79999999999927;46.79999999999927;59
17/01/2024;206.79999999998836;36.20000000000073;32.70000000000073;33.70000000000073;45.900000000001455;58.400000000001455
18/01/2024;182.89999999999418;32.79999999999927;28.900000000001455;37.29999999999927;37.39999999999782;46.700000000004366
19/01/2024;183.10000000000582;33.29999999999927;30.5;34.70000000000073;39.5;45.099999999998545
20/01/2024;187.60000000000582;35.099999999998545;30.899999999997817;36.70000000000073;42.10000000000218;42.900000000001455
21/01/2024;14;6.69999999999709;5.299999999999272;null;null;2
22/01/2024;159.20000000001164;26.100000000002183;26.400000000001455;34.69999999999709;26.899999999997817;45
23/01/2024;225.60000000000582;42.70000000000073;33.69999999999709;49.5;49.30000000000291;50.599999999998545
24/01/2024;207.70000000001164;36.39999999999782;28.599999999998545;44.10000000000218;47.30000000000291;51.19999999999709
25/01/2024;211.60000000000582;45.89999999999782;33.79999999999927;39.900000000001455;44.400000000001455;47.39999999999418
26/01/2024;204;32.29999999999927;31.599999999998545;44.79999999999927;45.5;49.599999999998545
27/01/2024;216.80000000001746;42.79999999999927;32.29999999999927;44.099999999998545;49.80000000000291;47.599999999998545
28/01/2024;31.800000000017462;7.30000000000291;10.200000000000728;4.5;3.599999999998545;6.100000000005821
29/01/2024;132.39999999999418;27.099999999998545;28.5;14.399999999997817;37.099999999998545;25.099999999998545
30/01/2024;155.60000000000582;38.69999999999709;31.599999999998545;30.299999999999272;47.099999999998545;8.099999999998545
31/01/2024;135.89999999999418;10.100000000002183;30.600000000002183;28;37.19999999999709;30
01/02/2024;128.90000000002328;21.799999999999272;31;18.299999999999272;34.5;23.30000000000291
02/02/2024;167.5;18.80000000000291;31.700000000000728;32.29999999999927;37.900000000001455;46.80000000000291
03/02/2024;199.20000000001164;26;34.70000000000073;41.70000000000073;48.5;48.400000000001455
04/02/2024;66.89999999999418;1.5999999999985448;-21007.6;14.099999999998545;18;16.799999999995634
05/02/2024;null;17.099999999998545;5;31.700000000000728;47.5;37.400000000001455
06/02/2024;119.39999999999418;19.599999999998545;21088.699999999997;44.5;49.599999999998545;48.69999999999709
07/02/2024;200.60000000000582;39.69999999999709;30.400000000001455;38.79999999999927;45.5;46.099999999998545
08/02/2024;215.20000000001164;32.5;33;45.70000000000073;51.200000000004366;52.599999999998545
09/02/2024;202.10000000000582;26.100000000002183;30.700000000000728;45.70000000000073;46.5;53.099999999998545
10/02/2024;215;33.5;30.5;45.20000000000073;50.5;55
11/02/2024;41.19999999998254;8.30000000000291;7.599999999998545;9.299999999999272;8.099999999998545;7.900000000001455
12/02/2024;173.39999999999418;21.099999999998545;29.200000000000728;32.60000000000218;41.900000000001455;48.599999999998545
13/02/2024;213.10000000000582;18;31.30000000000291;48.79999999999927;48.30000000000291;66.5
14/02/2024;203.39999999999418;12.600000000002183;31;47;49.599999999998545;63.099999999998545
15/02/2024;167.30000000001746;15.899999999997817;25.5;34.599999999998545;40;51.19999999999709
16/02/2024;234;43.599999999998545;32.70000000000073;44.099999999998545;50.599999999998545;63.099999999998545
17/02/2024;225.20000000001164;25.799999999999272;33.5;46.20000000000073;53.299999999995634;66.29999999999563
18/02/2024;60.30000000001746;1.2000000000007276;10.599999999998545;14;17.599999999998545;16.900000000001455
19/02/2024;158.39999999999418;19.600000000002183;24.900000000001455;41.900000000001455;47.30000000000291;24.700000000004366
20/02/2024;214.70000000001164;15.5;31.799999999999272;49.70000000000073;52.099999999998545;65.59999999999854
21/02/2024;217.20000000001164;30.399999999997817;29;45.20000000000073;48.69999999999709;64.10000000000582
22/02/2024;204.89999999999418;30;26.299999999999272;42.70000000000073;44.900000000001455;61
23/02/2024;245.39999999999418;44.60000000000218;32.099999999998545;48.5;54.700000000004366;65.19999999999709
24/02/2024;225;32.69999999999709;31.299999999999272;47.400000000001455;53.5;60.400000000001455
25/02/2024;70.80000000001746;4.799999999999272;16.100000000002183;15.5;18.5;15.80000000000291
26/02/2024;140.59999999997672;25.700000000000728;26.399999999997817;34.599999999998545;35.80000000000291;17.900000000001455
27/02/2024;224.39999999999418;36.79999999999927;32.599999999998545;47;49.200000000004366;58.900000000001455
28/02/2024;189.39999999999418;24.100000000002183;31.900000000001455;39.5;42.39999999999418;51.5
29/02/2024;191.80000000001746;35.70000000000073;32.69999999999709;34;41.80000000000291;47.80000000000291
01/03/2024;174.60000000000582;35;28.700000000000728;34.400000000001455;32.700000000004366;43.799999999995634
02/03/2024;224.60000000000582;39.900000000001455;30.599999999998545;48.70000000000073;46.69999999999709;58.5
03/03/2024;62.40000000002328;7;21.200000000000728;11.200000000000728;10.89999999999418;12.099999999998545
04/03/2024;101.2;14.2;16;18.3;24;28.8